{
  "hash": "3b3b4e91",
  "configHash": "72746509",
  "lockfileHash": "f6ae00df",
  "browserHash": "790ada9f",
  "optimized": {
    "react/jsx-dev-runtime": {
      "src": "../../node_modules/react/jsx-dev-runtime.js",
      "file": "react_jsx-dev-runtime.js",
      "fileHash": "db4fb43e",
      "needsInterop": true
    },
    "react": {
      "src": "../../node_modules/react/index.js",
      "file": "react.js",
      "fileHash": "a009413f",
      "needsInterop": true
    },
    "react-dom/client": {
      "src": "../../node_modules/react-dom/client.js",
      "file": "react-dom_client.js",
      "fileHash": "2a8eaac4",
      "needsInterop": true
    },
    "@clerk/clerk-react": {
      "src": "../../node_modules/@clerk/clerk-react/dist/index.mjs",
      "file": "@clerk_clerk-react.js",
      "fileHash": "b61adb52",
      "needsInterop": false
    },
    "axios": {
      "src": "../../node_modules/axios/index.js",
      "file": "axios.js",
      "fileHash": "b26ec5e8",
      "needsInterop": false
    }
  },
  "chunks": {
    "chunk-JMVEG3FK": {
      "file": "chunk-JMVEG3FK.js"
    },
    "chunk-TWJRYSII": {
      "file": "chunk-TWJRYSII.js"
    },
    "chunk-DC5AMYBS": {
      "file": "chunk-DC5AMYBS.js"
    }
  }
}